<application>
  <component name="FindSettings">
    <option name="customScope" value="Project 'CS5001-p2-animal-chess'" />
    <option name="defaultScopeName" value="Project 'CS5001-p2-animal-chess'" />
    <option name="localCaseSensitive" value="true" />
    <option name="localWholeWordsOnly" value="true" />
    <option name="LOCAL_CASE_SENSITIVE_SEARCH" value="true" />
    <option name="LOCAL_WHOLE_WORDS_ONLY" value="true" />
    <option name="SEARCH_SCOPE" value="Project 'CS5001-p2-animal-chess'" />
  </component>
</application>