<application>
  <component name="GitRememberedInputs">
    <option name="visitedUrls">
      <list>
        <UrlAndUserName>
          <option name="url" value="https://github.com/Adamouization/CS5001-p1-aligntext" />
          <option name="userName" value="" />
        </UrlAndUserName>
        <UrlAndUserName>
          <option name="url" value="http://github.com" />
          <option name="userName" value="Adamouization" />
        </UrlAndUserName>
        <UrlAndUserName>
          <option name="url" value="https://github.com/Adamouization/AI-Tornado-Sweeper" />
          <option name="userName" value="" />
        </UrlAndUserName>
      </list>
    </option>
    <option name="cloneParentDir" value="$USER_HOME$/Projects" />
  </component>
</application>